epoch,time,train/box_loss,train/cls_loss,train/dfl_loss,metrics/precision(B),metrics/recall(B),metrics/mAP50(B),metrics/mAP50-95(B),val/box_loss,val/cls_loss,val/dfl_loss,lr/pg0,lr/pg1,lr/pg2
1,55.6493,5.33017,12.4611,4.23547,0,0,0,0,6.5339,20.9078,4.16766,4.641e-05,4.641e-05,4.641e-05
2,111.216,5.49578,10.3342,4.22286,0,0,0,0,6.53664,21.0281,4.17815,8.68474e-05,8.68474e-05,8.68474e-05
3,164.178,5.21864,10.5416,3.89915,0,0,0,0,6.54162,21.2037,4.19455,0.000117389,0.000117389,0.000117389
